beta,sigma,gamma,time
0.8176435828208923,0.4522768557071686,0.09893710166215897,03:11
9.15,0.51,1.06,
