beta,sigma,gamma,time
0.9504132270812988,0.4581416845321655,0.12241639941930771,03:06
9.48,1.81,2.07,
