beta,sigma,gamma,time
0.8793736696243286,0.3957715630531311,0.1947227269411087,03:11
7.43,1.06,2.64,
