beta,sigma,gamma,time
0.833518385887146,0.18386955559253693,0.11966001242399216,03:10
85.23,2.15,0.28,
