beta,sigma,gamma,time
0.6749585270881653,0.1819833368062973,0.10958081483840942,03:08
92.85,1.1,0.38,
