beta,sigma,gamma,time
0.747668445110321,0.2244296818971634,0.1097230613231659,03:09
86.92,2.01,0.25,
