beta,sigma,gamma,time
0.9844855666160583,0.5559267997741699,0.14622241258621216,03:16
10.5,1.08,2.52,
