beta,sigma,gamma,time
0.9859787225723267,0.3516612648963928,0.09828218072652817,03:05
10.37,0.47,1.72,
