beta,sigma,gamma,time
0.8507803082466125,0.45147010684013367,0.09849561750888824,03:10
10.44,0.33,1.5,
