beta,sigma,gamma,time
0.8004868626594543,0.4013623297214508,0.09767568111419678,03:14
11.06,0.34,2.32,
