beta,sigma,gamma,time
0.8236583471298218,0.18286839127540588,0.10044007748365402,03:08
83.04,1.59,0.44,
