beta,sigma,gamma,time
0.5901960730552673,0.22221001982688904,0.11880077421665192,03:09
96.73,1.0,1.0,
