beta,sigma,gamma,time
0.7402120232582092,0.20321595668792725,0.07962936908006668,03:10
85.05,1.61,0.46,
