beta,sigma,gamma,time
0.487678587436676,0.2218707948923111,0.07905261963605881,03:15
95.07,0.85,1.18,
