beta,sigma,gamma,time
0.8244286775588989,0.18401923775672913,0.10964743047952652,03:09
83.21,2.23,0.32,
