beta,sigma,gamma,time
0.6618865132331848,0.2026916891336441,0.08977360278367996,03:07
89.11,1.35,0.25,
