beta,sigma,gamma,time
0.5796384811401367,0.22248752415180206,0.09006989002227783,03:08
93.21,1.13,0.08,
