beta,sigma,gamma,time
0.6777553558349609,0.22427159547805786,0.11964788287878036,03:09
93.64,1.94,0.29,
