beta,sigma,gamma,time
0.5906776785850525,0.1832827925682068,0.11047223955392838,03:08
96.89,1.82,0.43,
