beta,sigma,gamma,time
0.5778186917304993,0.16323667764663696,0.10071592032909393,03:08
92.61,2.02,0.72,
