beta,sigma,gamma,time
0.9606807827949524,0.5548444390296936,0.09677959233522415,03:21
12.67,0.88,3.22,
