beta,sigma,gamma,time
0.49357643723487854,0.20302484929561615,0.0801701545715332,03:08
97.43,1.51,0.21,
