beta,sigma,gamma,time
0.742118239402771,0.22298850119113922,0.09958533197641373,03:08
85.53,1.36,0.41,
