beta,sigma,gamma,time
0.86979079246521,0.35258805751800537,0.12318236380815506,03:14
8.44,0.74,1.45,
