beta,sigma,gamma,time
0.5097334384918213,0.2225312739610672,0.12087187170982361,03:15
103.89,1.15,0.73,
