beta,sigma,gamma,time
0.5879378318786621,0.20357030630111694,0.10997369885444641,03:09
95.98,1.79,0.02,
