beta,sigma,gamma,time
0.5008587837219238,0.16174443066120148,0.10989099740982056,03:14
100.34,1.09,0.1,
