beta,sigma,gamma,time
0.7465007901191711,0.18458625674247742,0.10969240963459015,03:09
86.63,2.55,0.28,
