beta,sigma,gamma,time
0.796973466873169,0.5452936887741089,0.1465284526348114,03:09
11.45,0.86,2.31,
