beta,sigma,gamma,time
0.6533034443855286,0.2443140298128128,0.0796458050608635,03:09
86.66,1.8,0.44,
