beta,sigma,gamma,time
0.8390151858329773,0.5048953294754028,0.1962115317583084,03:12
6.78,0.98,1.89,
