beta,sigma,gamma,time
0.9212394952774048,0.4989849030971527,0.09778568893671036,03:13
12.26,0.2,2.21,
