beta,sigma,gamma,time
0.507422685623169,0.182458758354187,0.11965333670377731,03:15
102.97,1.37,0.29,
