beta,sigma,gamma,time
0.9190579652786255,0.5565348863601685,0.17112697660923004,03:19
8.09,1.19,2.21,
