beta,sigma,gamma,time
0.5756834149360657,0.20151494443416595,0.09001666307449341,03:09
91.89,0.76,0.02,
