beta,sigma,gamma,time
0.49466967582702637,0.2236761599779129,0.10018860548734665,03:14
97.87,1.67,0.19,
