beta,sigma,gamma,time
0.49383172392845154,0.18122461438179016,0.08971953392028809,03:15
97.53,0.68,0.31,
