beta,sigma,gamma,time
0.9465323686599731,0.45579221844673157,0.0977720245718956,03:08
9.85,1.29,2.23,
