beta,sigma,gamma,time
1.0035345554351807,0.4507392644882202,0.1713000237941742,03:31
8.77,0.16,2.11,
