beta,sigma,gamma,time
0.6591784954071045,0.1627521514892578,0.09029728919267654,03:09
88.34,1.72,0.33,
