beta,sigma,gamma,time
0.5739898085594177,0.24470753967761993,0.0796249732375145,03:08
91.33,1.96,0.47,
