beta,sigma,gamma,time
0.7555117607116699,0.2042555809020996,0.11997584998607635,03:09
88.88,2.13,0.02,
