beta,sigma,gamma,time
0.91848224401474,0.552512526512146,0.19505447149276733,03:18
8.15,0.46,2.47,
