beta,sigma,gamma,time
0.7390725016593933,0.20287223160266876,0.08931557834148407,03:10
84.77,1.44,0.76,
