beta,sigma,gamma,time
0.7468082904815674,0.16349433362483978,0.08914847671985626,03:09
86.7,2.18,0.95,
