beta,sigma,gamma,time
0.9591407179832458,0.4024081826210022,0.14816498756408691,03:05
8.65,0.6,1.22,
