beta,sigma,gamma,time
0.9029969573020935,0.34819167852401733,0.17003577947616577,03:16
9.7,0.52,2.84,
