beta,sigma,gamma,time
0.86716628074646,0.4547085762023926,0.14680831134319305,03:12
8.72,1.05,2.13,
