beta,sigma,gamma,time
0.5834587812423706,0.22350572049617767,0.09923621267080307,03:10
94.49,1.59,0.76,
