beta,sigma,gamma,time
0.5948907732963562,0.18360522389411926,0.12113438546657562,03:09
98.3,2.0,0.95,
