beta,sigma,gamma,time
0.5894978642463684,0.24325405061244965,0.12059839069843292,03:08
96.5,1.36,0.5,
