beta,sigma,gamma,time
0.9128491878509521,0.5014787316322327,0.1472225934267044,03:19
8.72,0.3,1.85,
