beta,sigma,gamma,time
0.8279051780700684,0.2038935124874115,0.09979992359876633,03:10
83.98,1.95,0.2,
