beta,sigma,gamma,time
0.4905005097389221,0.24272403120994568,0.0796712189912796,03:16
96.2,1.14,0.41,
