beta,sigma,gamma,time
0.8280006051063538,0.5014612674713135,0.1476622372865677,03:08
8.0,0.29,1.56,
