beta,sigma,gamma,time
0.9280218482017517,0.44912171363830566,0.19855044782161713,03:09
7.2,0.2,0.72,
