beta,sigma,gamma,time
0.8095252513885498,0.16336122155189514,0.08034259080886841,03:07
79.89,2.1,0.43,
