beta,sigma,gamma,time
0.841073751449585,0.34879249334335327,0.17337119579315186,03:11
6.55,0.35,0.93,
