beta,sigma,gamma,time
0.9601407647132874,0.5049390196800232,0.17222119867801666,03:06
8.56,0.99,1.59,
