beta,sigma,gamma,time
0.6661444306373596,0.1834648847579956,0.08931953459978104,03:09
90.33,1.92,0.76,
