beta,sigma,gamma,time
0.8139865398406982,0.5521379709243774,0.09765273332595825,03:11
9.56,0.39,2.35,
