beta,sigma,gamma,time
1.002530813217163,0.4532829225063324,0.19546128809452057,03:45
8.86,0.73,2.27,
