beta,sigma,gamma,time
0.8572448492050171,0.5545099377632141,0.12197194993495941,03:05
9.76,0.82,2.42,
