beta,sigma,gamma,time
0.9177766442298889,0.4032154679298401,0.14694054424762726,03:07
8.22,0.8,2.04,
