beta,sigma,gamma,time
0.8605058193206787,0.5449358224868774,0.16998076438903809,03:09
9.42,0.92,2.87,
