beta,sigma,gamma,time
0.7430166006088257,0.18331286311149597,0.08930538594722748,03:09
85.75,1.84,0.77,
