beta,sigma,gamma,time
0.8308669328689575,0.24467845261096954,0.12030413746833801,03:10
84.64,1.95,0.25,
