beta,sigma,gamma,time
0.995463490486145,0.4010378420352936,0.19734397530555725,03:26
9.5,0.26,1.33,
