beta,sigma,gamma,time
0.8314803242683411,0.3504790663719177,0.1476350873708725,03:10
7.61,0.14,1.58,
