beta,sigma,gamma,time
0.986373245716095,0.45268043875694275,0.14704614877700806,03:10
10.33,0.6,1.97,
