beta,sigma,gamma,time
0.8010103702545166,0.5001214742660522,0.097352996468544,03:13
11.0,0.02,2.65,
