beta,sigma,gamma,time
0.9338268041610718,0.400961309671402,0.12156028300523758,03:06
11.06,0.24,2.75,
