beta,sigma,gamma,time
0.6683841347694397,0.24366234242916107,0.09932591766119003,03:09
90.97,1.53,0.67,
