beta,sigma,gamma,time
0.5724182724952698,0.16323168575763702,0.08988845348358154,03:09
90.81,2.02,0.12,
