beta,sigma,gamma,time
0.9154927730560303,0.5057028532028198,0.173758864402771,03:23
8.45,1.14,0.71,
