beta,sigma,gamma,time
0.8294464945793152,0.3523084819316864,0.12306651473045349,03:14
7.84,0.66,1.55,
