beta,sigma,gamma,time
0.9964196681976318,0.4035221338272095,0.12318304181098938,03:37
9.42,0.88,1.45,
