beta,sigma,gamma,time
0.9647623300552368,0.4045429229736328,0.17197370529174805,03:07
8.12,1.14,1.73,
