beta,sigma,gamma,time
0.8139140605926514,0.22083525359630585,0.08058588206768036,03:09
80.87,0.38,0.73,
