beta,sigma,gamma,time
0.7558339238166809,0.24351689219474792,0.11960212886333466,03:10
88.96,1.47,0.33,
