beta,sigma,gamma,time
0.5048905611038208,0.18268878757953644,0.10991697013378143,03:14
101.96,1.49,0.08,
