beta,sigma,gamma,time
0.8271524906158447,0.18376639485359192,0.08949819207191467,03:11
83.81,2.09,0.56,
