beta,sigma,gamma,time
0.5837498307228088,0.18326044082641602,0.0993003323674202,03:07
94.58,1.81,0.7,
