beta,sigma,gamma,time
0.6776925325393677,0.22499054670333862,0.10986976325511932,03:09
93.63,2.27,0.12,
