beta,sigma,gamma,time
0.8832066655158997,0.3529411554336548,0.14767993986606598,03:05
7.03,0.84,1.55,
