beta,sigma,gamma,time
0.8697157502174377,0.4529869854450226,0.12316323071718216,03:12
8.45,0.66,1.47,
