beta,sigma,gamma,time
0.8104483485221863,0.5502375960350037,0.12225446105003357,03:06
9.95,0.04,2.2,
