beta,sigma,gamma,time
0.5032660365104675,0.16170848906040192,0.12008193880319595,03:15
101.31,1.07,0.07,
