beta,sigma,gamma,time
0.8830659985542297,0.3528798818588257,0.17341600358486176,03:06
7.05,0.82,0.91,
