beta,sigma,gamma,time
0.9620054364204407,0.350722998380661,0.14889797568321228,03:07
8.38,0.21,0.73,
