beta,sigma,gamma,time
0.9005546569824219,0.40517082810401917,0.09857253730297089,03:05
9.94,1.29,1.43,
