beta,sigma,gamma,time
1.0072828531265259,0.3517589867115021,0.19808176159858704,03:05
8.43,0.5,0.96,
