beta,sigma,gamma,time
0.9143738746643066,0.45333176851272583,0.17251920700073242,03:17
8.56,0.74,1.42,
