beta,sigma,gamma,time
0.6663031578063965,0.24416281282901764,0.08993508666753769,03:08
90.37,1.73,0.07,
