beta,sigma,gamma,time
0.9007957577705383,0.35190296173095703,0.09777987748384476,03:11
9.92,0.54,2.22,
