beta,sigma,gamma,time
0.8818273544311523,0.45312950015068054,0.1954984813928604,03:18
7.18,0.7,2.25,
