beta,sigma,gamma,time
0.9176425337791443,0.40305155515670776,0.17197073996067047,03:08
8.24,0.76,1.73,
