beta,sigma,gamma,time
0.5740258097648621,0.20357277989387512,0.07960640639066696,03:08
91.34,1.79,0.49,
