beta,sigma,gamma,time
0.8260101079940796,0.22461681067943573,0.10947462916374207,03:09
83.56,2.1,0.48,
