beta,sigma,gamma,time
0.5746906995773315,0.18118031322956085,0.08982418477535248,03:09
91.56,0.66,0.2,
