beta,sigma,gamma,time
0.9659294486045837,0.3497518301010132,0.19784466922283173,03:09
8.01,0.07,1.08,
