beta,sigma,gamma,time
0.9063695669174194,0.44899576902389526,0.14702239632606506,03:18
9.36,0.22,1.99,
