beta,sigma,gamma,time
0.5023898482322693,0.2226940542459488,0.1100974977016449,03:14
100.96,1.22,0.09,
