beta,sigma,gamma,time
0.6806502938270569,0.20351634919643402,0.11985417455434799,03:09
94.47,1.76,0.12,
