beta,sigma,gamma,time
0.857759952545166,0.5521988272666931,0.0972668007016182,03:05
9.71,0.4,2.73,
