beta,sigma,gamma,time
0.6499466300010681,0.20279662311077118,0.07979539036750793,03:10
85.7,1.4,0.26,
