beta,sigma,gamma,time
0.5125951170921326,0.24369503557682037,0.12026341259479523,03:11
105.04,1.54,0.22,
