beta,sigma,gamma,time
0.9144521355628967,0.3521048426628113,0.12440107017755508,03:11
8.55,0.6,0.48,
