beta,sigma,gamma,time
1.009088158607483,0.40410947799682617,0.17278291285037994,03:35
8.26,1.03,1.27,
