beta,sigma,gamma,time
0.8378179669380188,0.4028610587120056,0.17295989394187927,03:07
6.91,0.72,1.17,
