beta,sigma,gamma,time
0.9732675552368164,0.5031382441520691,0.14672385156154633,03:18
11.52,0.63,2.18,
