beta,sigma,gamma,time
0.8227633237838745,0.1628618985414505,0.09967020153999329,03:08
82.84,1.79,0.33,
