beta,sigma,gamma,time
0.9541736245155334,0.4536207616329193,0.17304617166519165,03:07
9.13,0.8,1.12,
