beta,sigma,gamma,time
0.8511154055595398,0.5056673288345337,0.09782867133617401,03:06
10.41,1.13,2.17,
