beta,sigma,gamma,time
0.9799818396568298,0.4008059799671173,0.0984049141407013,03:32
10.91,0.2,1.6,
