beta,sigma,gamma,time
0.8861979842185974,0.554373562335968,0.09791389852762222,03:14
11.38,0.8,2.09,
