beta,sigma,gamma,time
0.4970754086971283,0.24398110806941986,0.09992606937885284,03:12
98.83,1.66,0.07,
