beta,sigma,gamma,time
0.49380138516426086,0.1618909239768982,0.09018808603286743,03:17
97.52,1.18,0.21,
