beta,sigma,gamma,time
1.0102527141571045,0.3524447977542877,0.17177841067314148,03:06
8.16,0.7,1.84,
