beta,sigma,gamma,time
0.9677857160568237,0.4555489122867584,0.19566009938716888,03:05
7.83,1.23,2.17,
