beta,sigma,gamma,time
0.8170851469039917,0.5504153966903687,0.17180867493152618,03:09
9.21,0.08,1.82,
