beta,sigma,gamma,time
0.8245764970779419,0.16352622210979462,0.08989109843969345,03:08
83.24,2.2,0.12,
