beta,sigma,gamma,time
0.8680602312088013,0.5083897709846497,0.14785176515579224,03:06
8.63,1.68,1.43,
