beta,sigma,gamma,time
0.986261785030365,0.503643810749054,0.12225910276174545,03:17
10.34,0.73,2.19,
