beta,sigma,gamma,time
0.8355970978736877,0.5013837814331055,0.17170976102352142,03:09
7.16,0.28,1.88,
