beta,sigma,gamma,time
0.5896830558776855,0.1624758541584015,0.1097613275051117,03:10
96.56,1.55,0.22,
