beta,sigma,gamma,time
0.595371663570404,0.2026054412126541,0.11973308026790619,03:09
98.46,1.3,0.22,
