beta,sigma,gamma,time
0.6565874814987183,0.16341599822044373,0.07959339022636414,03:08
87.6,2.13,0.51,
