beta,sigma,gamma,time
0.4915604293346405,0.18240948021411896,0.08017221093177795,03:15
96.62,1.34,0.22,
