beta,sigma,gamma,time
0.8653100728988647,0.49979308247566223,0.19610589742660522,03:06
8.91,0.04,1.95,
