beta,sigma,gamma,time
0.8661216497421265,0.35245150327682495,0.09792942553758621,03:10
8.83,0.7,2.07,
