beta,sigma,gamma,time
0.8239181041717529,0.45089781284332275,0.14735114574432373,03:08
8.45,0.2,1.77,
