beta,sigma,gamma,time
0.739565372467041,0.16279467940330505,0.1001589223742485,03:08
84.89,1.75,0.16,
