beta,sigma,gamma,time
0.9015109539031982,0.5542842149734497,0.12266448140144348,03:17
9.85,0.78,1.87,
