beta,sigma,gamma,time
0.7380002737045288,0.18411247432231903,0.0796530544757843,03:08
84.5,2.28,0.43,
