beta,sigma,gamma,time
0.8317925333976746,0.45117655396461487,0.19763751327991486,03:10
7.58,0.26,1.18,
