beta,sigma,gamma,time
0.9106060862541199,0.3460474908351898,0.1962571144104004,03:14
8.94,1.13,1.87,
