beta,sigma,gamma,time
0.19811560213565826,0.3308027982711792,0.15901343524456024,04:35
,0.24,6.46,
