beta,sigma,gamma,time
0.9768880009651184,0.5081397891044617,0.09771750122308731,03:18
11.19,1.63,2.28,
