beta,sigma,gamma,time
0.6624127626419067,0.2033909112215042,0.0992259606719017,03:09
89.26,1.7,0.77,
