beta,sigma,gamma,time
0.8174905180931091,0.452554315328598,0.12235738337039948,03:09
9.17,0.57,2.11,
