beta,sigma,gamma,time
0.9448992013931274,0.5549485683441162,0.17169763147830963,03:05
10.01,0.9,1.89,
