beta,sigma,gamma,time
0.7543594241142273,0.1628318428993225,0.10995461046695709,03:09
88.59,1.77,0.04,
