beta,sigma,gamma,time
0.5001210570335388,0.2024587243795395,0.09992874413728714,03:08
100.05,1.23,0.07,
