beta,sigma,gamma,time
0.7610466480255127,0.16312013566493988,0.11992751061916351,03:08
90.26,1.95,0.06,
