beta,sigma,gamma,time
0.48831477761268616,0.16165544092655182,0.08038484305143356,03:15
95.33,1.03,0.48,
