beta,sigma,gamma,time
0.9328481554985046,0.5541796088218689,0.09818454086780548,03:06
11.16,0.76,1.82,
