beta,sigma,gamma,time
0.8782046437263489,0.4031463861465454,0.14721925556659698,03:06
7.56,0.79,1.85,
