beta,sigma,gamma,time
0.8447299003601074,0.40050312876701355,0.1982305347919464,03:16
6.14,0.13,0.88,
