beta,sigma,gamma,time
0.8298077583312988,0.45146363973617554,0.173061341047287,03:08
7.8,0.33,1.11,
