beta,sigma,gamma,time
0.653049111366272,0.22491107881069183,0.07908684015274048,03:09
86.59,2.23,1.14,
