beta,sigma,gamma,time
0.5697264075279236,0.18265418708324432,0.07960611581802368,03:08
89.91,1.47,0.49,
