beta,sigma,gamma,time
0.5710219740867615,0.16221636533737183,0.08003774285316467,03:08
90.34,1.39,0.05,
