beta,sigma,gamma,time
0.49512600898742676,0.16256898641586304,0.0996442437171936,03:19
98.05,1.61,0.36,
