beta,sigma,gamma,time
0.6817646026611328,0.18376098573207855,0.12073422223329544,03:08
94.79,2.09,0.61,
