beta,sigma,gamma,time
1.0000150203704834,0.5041385293006897,0.19802580773830414,03:05
9.09,0.83,0.99,
