beta,sigma,gamma,time
0.8650780916213989,0.3981687128543854,0.1714160442352295,03:14
8.94,0.46,2.05,
