beta,sigma,gamma,time
0.4943471848964691,0.24297860264778137,0.0897986963391304,03:15
97.74,1.24,0.22,
