beta,sigma,gamma,time
0.8445375561714172,0.22530792653560638,0.11959002912044525,03:10
87.68,2.41,0.34,
