beta,sigma,gamma,time
0.6760769486427307,0.1629260927438736,0.11036781221628189,03:09
93.16,1.83,0.33,
