beta,sigma,gamma,time
0.8042387366294861,0.2437928467988968,0.07943776994943619,03:09
78.72,1.58,0.7,
