beta,sigma,gamma,time
0.6743037700653076,0.2439570426940918,0.10973384231328964,03:09
92.66,1.65,0.24,
