beta,sigma,gamma,time
0.8434591293334961,0.35263651609420776,0.1967473328113556,03:11
6.28,0.75,1.63,
