beta,sigma,gamma,time
0.7462870478630066,0.24411767721176147,0.09936153888702393,03:11
86.57,1.72,0.64,
