beta,sigma,gamma,time
0.8762990832328796,0.5533666610717773,0.19592182338237762,03:09
7.76,0.61,2.04,
