beta,sigma,gamma,time
0.8632197380065918,0.5025716423988342,0.12310542911291122,03:06
9.13,0.51,1.52,
