beta,sigma,gamma,time
0.733700692653656,0.22316230833530426,0.08956260979175568,03:08
83.43,1.44,0.49,
