beta,sigma,gamma,time
0.9093119502067566,0.4027455449104309,0.12271329760551453,03:08
9.07,0.69,1.83,
