beta,sigma,gamma,time
0.8210890293121338,0.506304144859314,0.12250448018312454,03:12
8.77,1.26,2.0,
