beta,sigma,gamma,time
0.7517622709274292,0.20386488735675812,0.10896877199411392,03:09
87.94,1.93,0.94,
