beta,sigma,gamma,time
0.8948847651481628,0.4491669833660126,0.12197211384773254,03:15
10.51,0.19,2.42,
