beta,sigma,gamma,time
0.6680946350097656,0.18379485607147217,0.1000981554389,03:09
90.88,2.11,0.1,
