beta,sigma,gamma,time
0.6566982865333557,0.18358063697814941,0.07958849519491196,03:09
87.63,1.99,0.51,
