beta,sigma,gamma,time
0.7540662288665771,0.18263019621372223,0.11986497789621353,03:08
88.52,1.46,0.11,
