beta,sigma,gamma,time
0.5050026774406433,0.24301043152809143,0.11003303527832031,03:09
102.0,1.25,0.03,
