beta,sigma,gamma,time
0.5914455056190491,0.16204820573329926,0.12008074671030045,03:09
97.15,1.28,0.07,
