beta,sigma,gamma,time
0.5775468349456787,0.24444039165973663,0.08958327025175095,03:08
92.52,1.85,0.46,
