beta,sigma,gamma,time
0.8239861130714417,0.4021260142326355,0.14872552454471588,03:08
8.45,0.53,0.85,
