beta,sigma,gamma,time
0.7487218379974365,0.18379177153110504,0.10041889548301697,03:09
87.18,2.11,0.42,
