beta,sigma,gamma,time
0.8370965123176575,0.20316994190216064,0.11920584738254547,03:08
86.02,1.58,0.66,
