beta,sigma,gamma,time
0.8144070506095886,0.20295722782611847,0.08956761658191681,03:09
80.98,1.48,0.48,
