beta,sigma,gamma,time
0.49406513571739197,0.18217076361179352,0.09955886751413345,03:15
97.63,1.21,0.44,
