beta,sigma,gamma,time
0.4957030117511749,0.22124046087265015,0.08940152078866959,03:14
98.28,0.56,0.66,
