beta,sigma,gamma,time
0.8723663687705994,0.5532893538475037,0.14811280369758606,03:07
8.17,0.6,1.26,
