beta,sigma,gamma,time
0.9549121856689453,0.5527660846710205,0.19638526439666748,03:06
9.06,0.5,1.81,
