beta,sigma,gamma,time
0.5825400948524475,0.24241921305656433,0.09960605949163437,03:08
94.18,1.01,0.39,
