beta,sigma,gamma,time
1.003699541091919,0.35300031304359436,0.14761000871658325,03:09
8.75,0.86,1.59,
