beta,sigma,gamma,time
0.6739283800125122,0.2432846575975418,0.11973993480205536,03:08
92.55,1.37,0.22,
