beta,sigma,gamma,time
0.9964694976806641,0.5033472776412964,0.17107827961444855,03:04
9.41,0.67,2.24,
