beta,sigma,gamma,time
0.8741244077682495,0.5018417239189148,0.17167574167251587,03:06
7.99,0.37,1.9,
