beta,sigma,gamma,time
0.6733197569847107,0.16316239535808563,0.12026670575141907,03:09
92.38,1.98,0.22,
