beta,sigma,gamma,time
0.9229556322097778,0.5023794770240784,0.19762808084487915,03:25
7.7,0.48,1.19,
