beta,sigma,gamma,time
0.8216981291770935,0.5404708981513977,0.19638243317604065,03:07
8.7,1.73,1.81,
