beta,sigma,gamma,time
0.9059925675392151,0.45306646823883057,0.09769975394010544,03:15
9.4,0.68,2.3,
