beta,sigma,gamma,time
0.7306666374206543,0.22304843366146088,0.07993276417255402,03:10
82.67,1.39,0.08,
