beta,sigma,gamma,time
0.9472523331642151,0.4547814726829529,0.14757047593593597,03:05
9.79,1.06,1.62,
