beta,sigma,gamma,time
0.9848377704620361,0.5534147620201111,0.17211481928825378,03:20
10.47,0.62,1.65,
