beta,sigma,gamma,time
0.9482561945915222,0.5024768710136414,0.1220751702785492,03:08
9.69,0.5,2.34,
