beta,sigma,gamma,time
0.8351293802261353,0.16348692774772644,0.11988025903701782,03:09
85.58,2.18,0.1,
