beta,sigma,gamma,time
0.9615604281425476,0.35364291071891785,0.12354552745819092,03:06
8.42,1.04,1.16,
