beta,sigma,gamma,time
0.8118088245391846,0.20465627312660217,0.07965067774057388,03:09
80.4,2.33,0.44,
