beta,sigma,gamma,time
0.8278069496154785,0.2447592318058014,0.10921412706375122,03:08
83.96,1.98,0.71,
