beta,sigma,gamma,time
0.8561988472938538,0.4013102054595947,0.09816373884677887,03:09
9.87,0.33,1.84,
