beta,sigma,gamma,time
0.9645593762397766,0.35177966952323914,0.17261825501918793,03:05
8.14,0.51,1.36,
