beta,sigma,gamma,time
0.8307955861091614,0.22491447627544403,0.09921904653310776,03:09
84.62,2.23,0.78,
