beta,sigma,gamma,time
0.6629611253738403,0.22315765917301178,0.09045670926570892,03:09
89.42,1.44,0.51,
