beta,sigma,gamma,time
0.7585976719856262,0.2242191582918167,0.11999118328094482,03:09
89.65,1.92,0.01,
