beta,sigma,gamma,time
0.5815340280532837,0.20129705965518951,0.09910410642623901,03:09
93.84,0.65,0.9,
