beta,sigma,gamma,time
0.9818800687789917,0.5554643869400024,0.12054914981126785,03:16
10.74,0.99,3.56,
