beta,sigma,gamma,time
0.9073479771614075,0.506395697593689,0.1220058798789978,03:18
9.27,1.28,2.4,
