beta,sigma,gamma,time
0.5081555843353271,0.20264776051044464,0.12016256898641586,03:09
103.26,1.32,0.14,
