beta,sigma,gamma,time
0.9154103398323059,0.35105010867118835,0.14795249700546265,03:19
8.46,0.3,1.37,
