beta,sigma,gamma,time
0.8331004977226257,0.16279831528663635,0.10918450355529785,03:08
85.13,1.75,0.74,
