beta,sigma,gamma,time
0.928320050239563,0.40578344464302063,0.19756831228733063,03:07
7.17,1.45,1.22,
