beta,sigma,gamma,time
0.4884582757949829,0.20156630873680115,0.08923876285552979,03:08
95.38,0.78,0.85,
