beta,sigma,gamma,time
0.9897463321685791,0.4043988287448883,0.14664027094841003,03:42
10.02,1.1,2.24,
