beta,sigma,gamma,time
0.940068244934082,0.3500780761241913,0.09771014004945755,03:05
10.47,0.02,2.29,
