beta,sigma,gamma,time
0.8298323154449463,0.3535214364528656,0.0984763354063034,03:27
7.8,1.01,1.52,
