beta,sigma,gamma,time
0.7440565824508667,0.20382429659366608,0.0994776114821434,03:08
86.01,1.91,0.52,
