beta,sigma,gamma,time
0.8210290670394897,0.24366025626659393,0.09891008585691452,03:09
82.45,1.53,1.09,
