beta,sigma,gamma,time
0.9642852544784546,0.40312913060188293,0.19643926620483398,03:05
8.16,0.78,1.78,
