beta,sigma,gamma,time
0.7501463294029236,0.24408583343029022,0.1097160279750824,03:09
87.54,1.7,0.26,
