beta,sigma,gamma,time
0.8254038095474243,0.20228928327560425,0.10976279526948929,03:08
83.42,1.14,0.22,
