beta,sigma,gamma,time
0.9327440857887268,0.4012247323989868,0.09825397282838821,03:07
11.17,0.31,1.75,
