beta,sigma,gamma,time
0.7341566681861877,0.16343137621879578,0.0796288475394249,03:09
83.54,2.14,0.46,
