beta,sigma,gamma,time
0.9565899968147278,0.5017452239990234,0.1965174823999405,03:06
8.9,0.35,1.74,
