beta,sigma,gamma,time
0.8681817650794983,0.45039474964141846,0.17252710461616516,03:17
8.61,0.09,1.41,
