beta,sigma,gamma,time
0.988724410533905,0.3512074649333954,0.12305736541748047,03:06
10.12,0.34,1.55,
