beta,sigma,gamma,time
0.5706081390380859,0.22129760682582855,0.07919079065322876,03:10
90.2,0.59,1.01,
