beta,sigma,gamma,time
0.945584774017334,0.5511652827262878,0.1474193036556244,03:05
9.94,0.21,1.72,
