beta,sigma,gamma,time
0.6680018901824951,0.16258612275123596,0.09992187470197678,03:17
90.86,1.62,0.08,
