beta,sigma,gamma,time
0.9985594749450684,0.5540469884872437,0.1963133066892624,03:21
9.22,0.74,1.84,
