beta,sigma,gamma,time
0.8137836456298828,0.24435986578464508,0.08934538066387177,03:09
80.84,1.82,0.73,
