beta,sigma,gamma,time
0.94246906042099,0.5515695810317993,0.12267229706048965,03:06
10.24,0.29,1.86,
