beta,sigma,gamma,time
0.9822609424591064,0.4561043083667755,0.09752762317657471,03:12
10.7,1.36,2.47,
