beta,sigma,gamma,time
0.8906925320625305,0.5032820701599121,0.09816320240497589,03:17
10.93,0.66,1.84,
