beta,sigma,gamma,time
0.8144547939300537,0.22336363792419434,0.0895315408706665,03:09
80.99,1.53,0.52,
