beta,sigma,gamma,time
0.818382740020752,0.18268747627735138,0.07938280701637268,03:09
81.86,1.49,0.77,
