beta,sigma,gamma,time
0.7407841682434082,0.24394577741622925,0.0891597643494606,03:10
85.2,1.64,0.93,
