beta,sigma,gamma,time
0.6719288229942322,0.20353654026985168,0.10942119359970093,03:09
91.98,1.77,0.53,
