beta,sigma,gamma,time
0.8709535598754883,0.40374109148979187,0.12274148315191269,03:07
8.32,0.94,1.81,
