beta,sigma,gamma,time
0.6648117899894714,0.22486241161823273,0.09994197636842728,03:08
89.95,2.21,0.06,
