beta,sigma,gamma,time
0.5907548666000366,0.24315257370471954,0.10960734635591507,03:08
96.92,1.31,0.36,
