beta,sigma,gamma,time
0.9901425242424011,0.45512428879737854,0.1224982962012291,03:08
9.99,1.14,2.0,
