beta,sigma,gamma,time
0.4976414144039154,0.20077624917030334,0.10947087407112122,03:09
99.06,0.39,0.48,
