beta,sigma,gamma,time
0.8827287554740906,0.3495056927204132,0.1971074640750885,03:08
7.08,0.14,1.45,
