beta,sigma,gamma,time
0.9504337906837463,0.5078750252723694,0.1472160965204239,03:06
9.48,1.58,1.86,
