beta,sigma,gamma,time
0.5846198797225952,0.22365354001522064,0.1100175604224205,03:08
94.87,1.66,0.02,
