beta,sigma,gamma,time
0.8928321003913879,0.5487114191055298,0.1469494104385376,03:18
10.72,0.23,2.03,
