beta,sigma,gamma,time
0.7369021773338318,0.2438233494758606,0.07927411049604416,03:09
84.23,1.59,0.91,
