beta,sigma,gamma,time
0.8247401714324951,0.4021422564983368,0.12329669296741486,03:14
8.36,0.54,1.36,
